{
  "metadata": {
    "input_documents": [
      "NIPS-2017-attention-is-all-you-need-Paper.pdf"
    ],
    "persona": "Researcher",
    "job_to_be_done": "Summarize key contributions of the paper for a literature review",
    "processing_timestamp": "2025-07-26T16:22:43.199Z"
  },
  "extracted_sections": [
    {
      "document": "NIPS-2017-attention-is-all-you-need-Paper.pdf",
      "section_title": "Why Self-Attention",
      "importance_rank": 1,
      "page_number": 6
    },
    {
      "document": "NIPS-2017-attention-is-all-you-need-Paper.pdf",
      "section_title": "Attention",
      "importance_rank": 2,
      "page_number": 3
    },
    {
      "document": "NIPS-2017-attention-is-all-you-need-Paper.pdf",
      "section_title": "Machine Translation",
      "importance_rank": 3,
      "page_number": 8
    },
    {
      "document": "NIPS-2017-attention-is-all-you-need-Paper.pdf",
      "section_title": "Model Variations",
      "importance_rank": 4,
      "page_number": 8
    },
    {
      "document": "NIPS-2017-attention-is-all-you-need-Paper.pdf",
      "section_title": "Conclusion",
      "importance_rank": 5,
      "page_number": 9
    }
  ],
  "subsection_analysis": [
    {
      "document": "NIPS-2017-attention-is-all-you-need-Paper.pdf",
      "refined_text": "Learning long-range dependencies is a key challenge in many sequence transduction tasks. One key factor affecting the ability to learn such dependencies is the length of the paths forward and backward signals have to traverse in the network.",
      "page_number": 6
    },
    {
      "document": "NIPS-2017-attention-is-all-you-need-Paper.pdf",
      "refined_text": "The output is computed as a weighted sum of the values, where the weight assigned to each value is computed by a compatibility function of the query with the corresponding key. An attention function can be described as mapping a query and a set of key-value pairs to an output, where the query, keys, values, and output are all vectors.",
      "page_number": 3
    },
    {
      "document": "NIPS-2017-attention-is-all-you-need-Paper.pdf",
      "refined_text": "For the big models, we averaged the last 20 checkpoints. The configuration of this model is listed in the bottom line of Table 3.",
      "page_number": 8
    },
    {
      "document": "NIPS-2017-attention-is-all-you-need-Paper.pdf",
      "refined_text": "In Table 3 rows (A), we vary the number of attention heads and the attention key and value dimensions, keeping the amount of computation constant, as described in Section 3.2.2. To evaluate the importance of different components of the Transformer, we varied our base model in different ways, measuring the change in performance on English-to-German translation on the development set, newstest2013.",
      "page_number": 8
    },
    {
      "document": "NIPS-2017-attention-is-all-you-need-Paper.pdf",
      "refined_text": "On both WMT 2014 English-to-German and WMT 2014 English-to-French translation tasks, we achieve a new state of the art. We are excited about the future of attention-based models and plan to apply them to other tasks.",
      "page_number": 9
    }
  ]
}